slug,nome
romance,Romance
ficcao-literaria,Ficção literária
romance-historico,Romance histórico
fantasia,Fantasia
ficcao-cientifica,Ficção científica
terror,Terror
suspense,Suspense
thriller,Thriller
policial,Policial
aventura,Aventura
distopia,Distopia
jovem-adulto,Jovem adulto
infantojuvenil,Infantojuvenil
quadrinhos,Quadrinhos
poesia,Poesia
teatro,Teatro
conto,Conto
cronica,Crônica
biografia,Biografia
memorias,Memórias
historia,História
filosofia,Filosofia
psicologia,Psicologia
sociologia,Sociologia
politica,Política
economia,Economia
negocios,Negócios
autoajuda,Autoajuda
espiritualidade,Espiritualidade
ciencia,Ciência
saude-e-bem-estar,Saúde e bem-estar
