ol_author_key,ol_author_key_canonica,nome,evidencia
OL13211283A,OL13211282A,Abbas Shafiee,"mesmo nome; canônico com mais livros no acervo, sem evidência de outra pessoa"
OL9398727A,OL9398726A,Adélia Aparecida Marçal dos Santos,"mesmo nome; canônico com mais livros no acervo, sem evidência de outra pessoa"
OL8799979A,OL185416A,Agustina Bessa Luís,"canônico Q399018; mesmo nome, sem evidência de outra pessoa"
OL9201920A,OL1729137A,Airton Ortiz,"mesmo nome; canônico com mais livros no acervo, sem evidência de outra pessoa"
OL9089024A,OL11868659A,Alberto Lins Caldas,"mesmo nome; canônico com mais livros no acervo, sem evidência de outra pessoa"
OL4256276A,OL517143A,Alcy José de Vargas Cheuiche,"mesmo nome; canônico com mais livros no acervo, sem evidência de outra pessoa"
OL10280935A,OL302996A,Alejandro Jodorowsky,"canônico Q263730; mesmo nome, sem evidência de outra pessoa"
OL8671496A,OL7041586A,Alexandra Lucas Coelho,"mesmo nome; canônico com mais livros no acervo, sem evidência de outra pessoa"
OL8723205A,OL8723203A,Alexandre Gaio,"mesmo nome; canônico com mais livros no acervo, sem evidência de outra pessoa"
OL5523139A,OL72936A,Alice Vieira,"mesmo nome; canônico com mais livros no acervo, sem evidência de outra pessoa"
OL6155146A,OL203937A,Alvaro Cardoso Gomes,"mesmo nome; canônico com mais livros no acervo, sem evidência de outra pessoa"
OL7590343A,OL6113268A,Ana Luísa Amaral,"mesmo nome; canônico com mais livros no acervo, sem evidência de outra pessoa"
OL5153367A,OL5895089A,André Diniz,"mesmo nome; canônico com mais livros no acervo, sem evidência de outra pessoa"
OL5139787A,OL6516902A,André Mota,"mesmo nome; canônico com mais livros no acervo, sem evidência de outra pessoa"
OL7561444A,OL6492618A,André Queiroz,"mesmo nome; canônico com mais livros no acervo, sem evidência de outra pessoa"
OL7072788A,OL3215487A,André Ramos Tavares,"mesmo nome; canônico com mais livros no acervo, sem evidência de outra pessoa"
OL5665671A,OL5119736A,André Sant'Anna,"mesmo nome; canônico com mais livros no acervo, sem evidência de outra pessoa"
OL7485635A,OL7416235A,André Vianco,"mesmo nome; canônico com mais livros no acervo, sem evidência de outra pessoa"
OL8723210A,OL8723209A,Andréia Rocha Feitosa,"mesmo nome; canônico com mais livros no acervo, sem evidência de outra pessoa"
OL5952898A,OL1575634A,Ângela Maria Dias,"mesmo nome; canônico com mais livros no acervo, sem evidência de outra pessoa"
OL6459313A,OL4958920A,Angélica de Moraes,"mesmo nome; canônico com mais livros no acervo, sem evidência de outra pessoa"
OL7525835A,OL5972581A,Angélica Freitas,"mesmo nome; canônico com mais livros no acervo, sem evidência de outra pessoa"
OL8788067A,OL4635627A,António Barreto,"mesmo nome; canônico com mais livros no acervo, sem evidência de outra pessoa"
OL4613206A,OL3215308A,Antônio Houaiss,"mesmo nome; canônico com mais livros no acervo, sem evidência de outra pessoa"
OL12532607A,OL5856130A,Antonio Irigoyen López,"mesmo nome; canônico com mais livros no acervo, sem evidência de outra pessoa"
OL6584609A,OL6457694A,Antonio Prata,"mesmo nome; canônico com mais livros no acervo, sem evidência de outra pessoa"
OL7578481A,OL10431567A,Aristóteles,"mesmo nome; canônico com mais livros no acervo, sem evidência de outra pessoa"
OL9309003A,OL1355024A,Aroldo Rodrigues,"mesmo nome; canônico com mais livros no acervo, sem evidência de outra pessoa"
OL6911532A,OL119580A,Arthur Schopenhauer,"canônico Q38193; mesmo nome, sem evidência de outra pessoa"
OL9997862A,OL2812927A,Augusto Cury,"mesmo nome; canônico com mais livros no acervo, sem evidência de outra pessoa"
OL3215493A,OL204251A,Aziz Nacib Ab'Sáber,"mesmo nome; canônico com mais livros no acervo, sem evidência de outra pessoa"
OL5617705A,OL204251A,Aziz Nacib Ab'Sáber,"mesmo nome; canônico com mais livros no acervo, sem evidência de outra pessoa"
OL5894349A,OL6270525A,Bernardo Pinto de Almeida,"mesmo nome; canônico com mais livros no acervo, sem evidência de outra pessoa"
OL4170482A,OL183378A,Boaventura de Sousa Santos,"canônico Q2907553; mesmo nome, sem evidência de outra pessoa"
OL8843365A,OL203681A,Caio Fernando Abreu,"canônico Q2746906; mesmo nome, sem evidência de outra pessoa"
OL8646533A,OL122417A,Cândido Portinari,"canônico Q319532; mesmo nome, sem evidência de outra pessoa"
OL9158150A,OL7786553A,Carol Bensimon,"canônico Q9697620; mesmo nome, sem evidência de outra pessoa"
OL304690A,OL7428905A,Celso Furtado,"mesmo nome; canônico com mais livros no acervo, sem evidência de outra pessoa"
OL6488910A,OL4260198A,César Braga-Pinto,"mesmo nome; canônico com mais livros no acervo, sem evidência de outra pessoa"
OL5113710A,OL204215A,Chacal,"mesmo nome; canônico com mais livros no acervo, sem evidência de outra pessoa"
OL3937618A,OL134467A,Chaïm Perelman,"mesmo nome; canônico com mais livros no acervo, sem evidência de outra pessoa"
OL10847157A,OL3368015A,Clémence de Jouët-Pastré,"mesmo nome; canônico com mais livros no acervo, sem evidência de outra pessoa"
OL6466739A,OL6790189A,Clóvis Ricardo Montenegro de Lima,"mesmo nome; canônico com mais livros no acervo, sem evidência de outra pessoa"
OL7417572A,OL7417571A,CNBB,"mesmo nome; canônico com mais livros no acervo, sem evidência de outra pessoa"
OL6603602A,OL39307A,Dan Brown,canônico Q7345; OL7782857A é outra pessoa (professor) ligada a edição de Inferno
OL7782857A,OL39307A,Dan Brown,canônico Q7345; OL7782857A é outra pessoa (professor) ligada a edição de Inferno
OL5393590A,OL93626A,Darcy França Denófrio,"mesmo nome; canônico com mais livros no acervo, sem evidência de outra pessoa"
OL10812688A,OL203955A,Darcy Ribeiro,"mesmo nome; canônico com mais livros no acervo, sem evidência de outra pessoa"
OL7576341A,OL6497393A,Davi Arrigucci Junior,"mesmo nome; canônico com mais livros no acervo, sem evidência de outra pessoa"
OL8702174A,OL7562565A,Demétrio Magnoli,"mesmo nome; canônico com mais livros no acervo, sem evidência de outra pessoa"
OL6917850A,OL274243A,Denis L. Rosenfield,"mesmo nome; canônico com mais livros no acervo, sem evidência de outra pessoa"
OL6613910A,OL77766A,Domingos Amaral,"mesmo nome; canônico com mais livros no acervo, sem evidência de outra pessoa"
OL9325500A,OL272947A,Douglas Adams,"canônico Q42; mesmo nome, sem evidência de outra pessoa"
OL9956313A,OL94402A,Drauzio Varella,"canônico Q1255930; mesmo nome, sem evidência de outra pessoa"
OL10648590A,OL10356492A,Editorial Presença,"mesmo nome; canônico com mais livros no acervo, sem evidência de outra pessoa"
OL9940452A,OL6777724A,Edney Silvestre,"mesmo nome; canônico com mais livros no acervo, sem evidência de outra pessoa"
OL5927421A,OL517619A,Eliane Brum,"mesmo nome; canônico com mais livros no acervo, sem evidência de outra pessoa"
OL15144019A,OL26587A,Elizabeth Adler,"canônico Q11857467; mesmo nome, sem evidência de outra pessoa"
OL4582012A,OL545086A,Emília Viotti da Costa,"mesmo nome; canônico com mais livros no acervo, sem evidência de outra pessoa"
OL5061227A,OL437811A,Emily Rodda,"canônico Q2460840; mesmo nome, sem evidência de outra pessoa"
OL10356355A,OL120822A,Euclides da Cunha,"canônico Q470334; mesmo nome, sem evidência de outra pessoa"
OL8873746A,OL1493683A,Eugênio Vargas Garcia,"mesmo nome; canônico com mais livros no acervo, sem evidência de outra pessoa"
OL9956359A,OL93137A,Evaldo Cabral de Mello,"mesmo nome; canônico com mais livros no acervo, sem evidência de outra pessoa"
OL6894925A,OL4668893A,Fábio Lucas,"mesmo nome; canônico com mais livros no acervo, sem evidência de outra pessoa"
OL9968604A,OL9407191A,Fábio Yabu,"mesmo nome; canônico com mais livros no acervo, sem evidência de outra pessoa"
OL5665615A,OL7043887A,Ferréz,"mesmo nome; canônico com mais livros no acervo, sem evidência de outra pessoa"
OL11654119A,OL517229A,Flávio dos Santos Gomes,"mesmo nome; canônico com mais livros no acervo, sem evidência de outra pessoa"
OL8820518A,OL645501A,Francisco Antônio Doria,"mesmo nome; canônico com mais livros no acervo, sem evidência de outra pessoa"
OL8834868A,OL5263114A,Francisco José Viegas,"mesmo nome; canônico com mais livros no acervo, sem evidência de outra pessoa"
OL9096072A,OL201386A,Francisco Moita Flores,"mesmo nome; canônico com mais livros no acervo, sem evidência de outra pessoa"
OL15374162A,OL20157A,Friedrich Nietzsche,"canônico Q9358; mesmo nome, sem evidência de outra pessoa"
OL15774505A,OL20157A,Friedrich Nietzsche,"canônico Q9358; mesmo nome, sem evidência de outra pessoa"
OL7387544A,OL7202828A,Gelson Iezzi,"mesmo nome; canônico com mais livros no acervo, sem evidência de outra pessoa"
OL5684753A,OL260808A,Gilles Lipovetsky,"canônico Q1351078; mesmo nome, sem evidência de outra pessoa"
OL7466200A,OL23520A,Giorgio Agamben,"canônico Q311687; mesmo nome, sem evidência de outra pessoa"
OL8792177A,OL6615519A,Gonçalo Cadilhe,"mesmo nome; canônico com mais livros no acervo, sem evidência de outra pessoa"
OL93866A,OL5964720A,Günter Weimer,"mesmo nome; canônico com mais livros no acervo, sem evidência de outra pessoa"
OL3215435A,OL1028530A,Hélio Silva,"mesmo nome; canônico com mais livros no acervo, sem evidência de outra pessoa"
OL9083998A,OL1527944A,Heloísa Prieto,"mesmo nome; canônico com mais livros no acervo, sem evidência de outra pessoa"
OL7538572A,OL7634214A,Hideyuki Furuhashi,"canônico Q11411313; mesmo nome, sem evidência de outra pessoa"
OL3217019A,OL517404A,Hugo de Brito Machado,"mesmo nome; canônico com mais livros no acervo, sem evidência de outra pessoa"
OL7585561A,OL4255788A,Içami Tiba,"mesmo nome; canônico com mais livros no acervo, sem evidência de outra pessoa"
OL3763878A,OL241495A,Ichak Adizes,"mesmo nome; canônico com mais livros no acervo, sem evidência de outra pessoa"
OL4087971A,OL241495A,Ichak Adizes,"mesmo nome; canônico com mais livros no acervo, sem evidência de outra pessoa"
OL7624719A,OL1662261A,Idalberto Chiavenato,"mesmo nome; canônico com mais livros no acervo, sem evidência de outra pessoa"
OL7045550A,OL3215459A,István Jancsó,"mesmo nome; canônico com mais livros no acervo, sem evidência de outra pessoa"
OL8324917A,OL8324916A,J. R. de Vilella,"mesmo nome; canônico com mais livros no acervo, sem evidência de outra pessoa"
OL13440027A,OL203582A,J. Reginaldo Prandi,"mesmo nome; canônico com mais livros no acervo, sem evidência de outra pessoa"
OL7556031A,OL3120214A,Jacques Aumont,"mesmo nome; canônico com mais livros no acervo, sem evidência de outra pessoa"
OL6911640A,OL2696971A,Jacques Le Goff,"canônico Q213992; mesmo nome, sem evidência de outra pessoa"
OL12422109A,OL6538207A,Jesús Ángel Solórzano Telechea,"mesmo nome; canônico com mais livros no acervo, sem evidência de outra pessoa"
OL11744082A,OL4198802A,João Fernandes,"mesmo nome; canônico com mais livros no acervo, sem evidência de outra pessoa"
OL9957063A,OL8821971A,João Pereira Coutinho,"mesmo nome; canônico com mais livros no acervo, sem evidência de outra pessoa"
OL11499646A,OL93119A,João Ubaldo Ribeiro,"mesmo nome; canônico com mais livros no acervo, sem evidência de outra pessoa"
OL9137165A,OL1047873A,Johan Konings,"mesmo nome; canônico com mais livros no acervo, sem evidência de outra pessoa"
OL9900987A,OL18112A,John Bunyan,"canônico Q108206; mesmo nome, sem evidência de outra pessoa"
OL265902A,OL5046634A,John Green,canônico Q630446; OL265902A é outra pessoa ligada a edições de John Green
OL7092602A,OL7092601A,Jorge Figueira,"mesmo nome; canônico com mais livros no acervo, sem evidência de outra pessoa"
OL6498178A,OL5201158A,José Adriano Fenerick,"mesmo nome; canônico com mais livros no acervo, sem evidência de outra pessoa"
OL4615596A,OL517545A,José Carlos Oliveira,"mesmo nome; canônico com mais livros no acervo, sem evidência de outra pessoa"
OL10834872A,OL1406546A,José Carlos Pereira,"mesmo nome; canônico com mais livros no acervo, sem evidência de outra pessoa"
OL7987744A,OL355897A,José Eduardo Agualusa,"canônico Q363927; mesmo nome, sem evidência de outra pessoa"
OL8191068A,OL355897A,José Eduardo Agualusa,"canônico Q363927; mesmo nome, sem evidência de outra pessoa"
OL8325405A,OL3915925A,José Jorge Letria,"mesmo nome; canônico com mais livros no acervo, sem evidência de outra pessoa"
OL645052A,OL5117462A,José Marques de Melo,"mesmo nome; canônico com mais livros no acervo, sem evidência de outra pessoa"
OL5179844A,OL3216884A,José Miguel Wisnik,"mesmo nome; canônico com mais livros no acervo, sem evidência de outra pessoa"
OL11579989A,OL93060A,José Murilo de Carvalho,"mesmo nome; canônico com mais livros no acervo, sem evidência de outra pessoa"
OL3217024A,OL516851A,José Nêumanne Pinto,"mesmo nome; canônico com mais livros no acervo, sem evidência de outra pessoa"
OL6526168A,OL4935053A,José Ribamar Garcia,"mesmo nome; canônico com mais livros no acervo, sem evidência de outra pessoa"
OL3216902A,OL93619A,José Roberto Torero,"mesmo nome; canônico com mais livros no acervo, sem evidência de outra pessoa"
OL7390275A,OL93619A,José Roberto Torero,"mesmo nome; canônico com mais livros no acervo, sem evidência de outra pessoa"
OL5937277A,OL204108A,Kaka Werá Jecupé,"mesmo nome; canônico com mais livros no acervo, sem evidência de outra pessoa"
OL7549769A,OL48230A,Karl Marx,"canônico Q9061; mesmo nome, sem evidência de outra pessoa"
OL7609127A,OL7632574A,Kathleen Glasgow,"canônico Q66013617; duplicado é outra pessoa (missionária, 1932) ligada à edição portuguesa"
OL10603268A,OL7629493A,Keum Suk Gendry-Kim,"mesmo nome; canônico com mais livros no acervo, sem evidência de outra pessoa"
OL3654066A,OL3654064A,L.Carlos Junqueira,"mesmo nome; canônico com mais livros no acervo, sem evidência de outra pessoa"
OL6165012A,OL3654064A,L.Carlos Junqueira,"mesmo nome; canônico com mais livros no acervo, sem evidência de outra pessoa"
OL10133032A,OL6613052A,Laurentino Gomes,"canônico Q3827921; mesmo nome, sem evidência de outra pessoa"
OL10497178A,OL94592A,Leandro Karnal,"canônico Q10316781; mesmo nome, sem evidência de outra pessoa"
OL1271390A,OL304969A,Lima Barreto,canônico é o escritor (Q383442); OL1271390A é o cineasta (Q955301) ligado a edição de Policarpo Quaresma
OL8946687A,OL304969A,Lima Barreto,canônico é o escritor (Q383442); OL1271390A é o cineasta (Q955301) ligado a edição de Policarpo Quaresma
OL7938239A,OL20587A,Lisa Scottoline,"mesmo nome; canônico com mais livros no acervo, sem evidência de outra pessoa"
OL4633485A,OL4086203A,Lúcio Kowarick,"mesmo nome; canônico com mais livros no acervo, sem evidência de outra pessoa"
OL11924930A,OL5953872A,Lucius de Mello,"canônico Q10320378; mesmo nome, sem evidência de outra pessoa"
OL10142312A,OL4340439A,Ludwig von Mises,"canônico Q84233; mesmo nome, sem evidência de outra pessoa"
OL7167563A,OL7060733A,Luis Alberto Brandão,"mesmo nome; canônico com mais livros no acervo, sem evidência de outra pessoa"
OL6526531A,OL4256213A,Luís Nassif,"mesmo nome; canônico com mais livros no acervo, sem evidência de outra pessoa"
OL10136498A,OL2816320A,Luiz Alfredo Garcia-Roza,"mesmo nome; canônico com mais livros no acervo, sem evidência de outra pessoa"
OL7208070A,OL3174044A,Lutz Rohrmann,"mesmo nome; canônico com mais livros no acervo, sem evidência de outra pessoa"
OL12513201A,OL93286A,Machado de Assis,"canônico Q311145; mesmo nome, sem evidência de outra pessoa"
OL14308067A,OL93286A,Machado de Assis,"canônico Q311145; mesmo nome, sem evidência de outra pessoa"
OL12540035A,OL833023A,Malba Tahan,"mesmo nome; canônico com mais livros no acervo, sem evidência de outra pessoa"
OL59420A,OL5469472A,Manuel Alegre,"canônico Q737410; mesmo nome, sem evidência de outra pessoa"
OL7122191A,OL4502287A,Manuel António Pina,"mesmo nome; canônico com mais livros no acervo, sem evidência de outra pessoa"
OL3101696A,OL123449A,Manuel Bandeira,"canônico Q558615; mesmo nome, sem evidência de outra pessoa"
OL4260178A,OL3216887A,Manuel Inacio da Silva Alvarenga,"mesmo nome; canônico com mais livros no acervo, sem evidência de outra pessoa"
OL9779073A,OL6124602A,Marcelo Moutinho,"mesmo nome; canônico com mais livros no acervo, sem evidência de outra pessoa"
OL8843468A,OL4215828A,Marcio Pitliuk,"mesmo nome; canônico com mais livros no acervo, sem evidência de outra pessoa"
OL10719608A,OL564294A,Maria Clara Lucchetti Bingemer,"mesmo nome; canônico com mais livros no acervo, sem evidência de outra pessoa"
OL63177A,OL5820794A,Maria Teresa Maia Gonzalez,"mesmo nome; canônico com mais livros no acervo, sem evidência de outra pessoa"
OL7108386A,OL516702A,Maria Teresa Toríbio B. Lemos,"mesmo nome; canônico com mais livros no acervo, sem evidência de outra pessoa"
OL7558384A,OL93179A,Marilena de Souza Chauí,"mesmo nome; canônico com mais livros no acervo, sem evidência de outra pessoa"
OL5582522A,OL304634A,Marina Colasanti,"canônico Q267615; mesmo nome, sem evidência de outra pessoa"
OL85535A,OL7606734A,Mário de Carvalho,"mesmo nome; canônico com mais livros no acervo, sem evidência de outra pessoa"
OL6645919A,OL5209500A,Mário Ferreira Monte,"mesmo nome; canônico com mais livros no acervo, sem evidência de outra pessoa"
OL12421007A,OL9579352A,Mário Santiago de Carvalho,"mesmo nome; canônico com mais livros no acervo, sem evidência de outra pessoa"
OL5153778A,OL1223829A,Mário Zambujal,"mesmo nome; canônico com mais livros no acervo, sem evidência de outra pessoa"
OL4763728A,OL7859745A,Mark Fisher,"mesmo nome; canônico com mais livros no acervo, sem evidência de outra pessoa"
OL4260464A,OL1769491A,Maurício Segall,"mesmo nome; canônico com mais livros no acervo, sem evidência de outra pessoa"
OL6597600A,OL27045A,Melvin Burgess,"canônico Q951657; mesmo nome, sem evidência de outra pessoa"
OL15814231A,OL85528A,Mia Couto,"canônico Q382101; mesmo nome, sem evidência de outra pessoa"
OL13288096A,OL296646A,Michael Ende,"canônico Q76498; mesmo nome, sem evidência de outra pessoa"
OL8093816A,OL5671836A,Michel Laub,"mesmo nome; canônico com mais livros no acervo, sem evidência de outra pessoa"
OL8843391A,OL93901A,Miguel Sanches Neto,"mesmo nome; canônico com mais livros no acervo, sem evidência de outra pessoa"
OL8185829A,OL718270A,Milton Hatoum,"canônico Q465693; mesmo nome, sem evidência de outra pessoa"
OL94621A,OL4984524A,Milton Santos,"mesmo nome; canônico com mais livros no acervo, sem evidência de outra pessoa"
OL3397788A,OL4984524A,Milton Santos,"mesmo nome; canônico com mais livros no acervo, sem evidência de outra pessoa"
OL13945477A,OL26699A,Moacyr Scliar,"canônico Q956187; mesmo nome, sem evidência de outra pessoa"
OL9150707A,OL4260459A,Mônica de Castro,"mesmo nome; canônico com mais livros no acervo, sem evidência de outra pessoa"
OL9820665A,OL7127659A,Natalie Anderson,"canônico Q112429988; mesmo nome, sem evidência de outra pessoa"
OL10219665A,OL93575A,Nei Lopes,"mesmo nome; canônico com mais livros no acervo, sem evidência de outra pessoa"
OL10132234A,OL19597A,Nicholas Sparks,"canônico Q219377; mesmo nome, sem evidência de outra pessoa"
OL6709482A,OL8586958A,Nuno Lobo Antunes,"mesmo nome; canônico com mais livros no acervo, sem evidência de outra pessoa"
OL9772877A,OL204103A,Oswald de Andrade,"canônico Q561169; mesmo nome, sem evidência de outra pessoa"
OL7378754A,OL33909A,P. D. James,"canônico Q270648; mesmo nome, sem evidência de outra pessoa"
OL11060702A,OL9199731A,Palavras do Evangelho,"mesmo nome; canônico com mais livros no acervo, sem evidência de outra pessoa"
OL7114915A,OL6459141A,Paloma Vidal,"mesmo nome; canônico com mais livros no acervo, sem evidência de outra pessoa"
OL2822830A,OL304581A,Patrícia Melo,"canônico Q2356262; mesmo nome, sem evidência de outra pessoa"
OL10344332A,OL7416489A,Paula Pimenta,"mesmo nome; canônico com mais livros no acervo, sem evidência de outra pessoa"
OL5270102A,OL1302885A,Pedro Bandeira,"mesmo nome; canônico com mais livros no acervo, sem evidência de outra pessoa"
OL6493568A,OL2930083A,Pedro Cavalcanti,"mesmo nome; canônico com mais livros no acervo, sem evidência de outra pessoa"
OL6982426A,OL272472A,Pepetela,"canônico Q736858; mesmo nome, sem evidência de outra pessoa"
OL4198656A,OL3221741A,Porto Editora,"mesmo nome; canônico com mais livros no acervo, sem evidência de outra pessoa"
OL9726636A,OL304575A,Raúl Zibechi,"mesmo nome; canônico com mais livros no acervo, sem evidência de outra pessoa"
OL469010A,OL3003996A,Rejane De Oliveira Slade,"mesmo nome; canônico com mais livros no acervo, sem evidência de outra pessoa"
OL9147113A,OL7616016A,Ricardo Araújo Pereira,"canônico Q7322543; mesmo nome, sem evidência de outra pessoa"
OL7163699A,OL5942196A,Ricardo Lísias,"mesmo nome; canônico com mais livros no acervo, sem evidência de outra pessoa"
OL9958303A,OL5942196A,Ricardo Lísias,"mesmo nome; canônico com mais livros no acervo, sem evidência de outra pessoa"
OL7965458A,OL74099A,Robert Bringhurst,"canônico Q2662673; mesmo nome, sem evidência de outra pessoa"
OL7580089A,OL7136442A,Roberto Acízelo Quelha de Souza,"mesmo nome; canônico com mais livros no acervo, sem evidência de outra pessoa"
OL10212064A,OL7108379A,Rodrigo Trespach,"mesmo nome; canônico com mais livros no acervo, sem evidência de outra pessoa"
OL10433605A,OL2787030A,Ron Martinez,"mesmo nome; canônico com mais livros no acervo, sem evidência de outra pessoa"
OL8701305A,OL93114A,Rubem Fonseca,"canônico Q470133; mesmo nome, sem evidência de outra pessoa"
OL8707684A,OL434296A,Rui Cardoso Martins,"mesmo nome; canônico com mais livros no acervo, sem evidência de outra pessoa"
OL9346622A,OL26221A,Scott Turow,"canônico Q451136; mesmo nome, sem evidência de outra pessoa"
OL4552878A,OL418684A,Sérgio Buarque de Holanda,"mesmo nome; canônico com mais livros no acervo, sem evidência de outra pessoa"
OL9956303A,OL418684A,Sérgio Buarque de Holanda,"mesmo nome; canônico com mais livros no acervo, sem evidência de outra pessoa"
OL8763615A,OL64820A,Sérgio Campos Matos,"mesmo nome; canônico com mais livros no acervo, sem evidência de outra pessoa"
OL644388A,OL4497964A,Sérgio da Costa Franco,"mesmo nome; canônico com mais livros no acervo, sem evidência de outra pessoa"
OL8701199A,OL564069A,Sérgio Porto,"mesmo nome; canônico com mais livros no acervo, sem evidência de outra pessoa"
OL5843996A,OL6782143A,Sérgio Rodrigues,"mesmo nome; os três livros são do jornalista e escritor, não do designer homônimo"
OL11595410A,OL204242A,Sérgio Sant'Anna,"mesmo nome; canônico com mais livros no acervo, sem evidência de outra pessoa"
OL11638943A,OL696385A,Solange Rebuzzi,"mesmo nome; canônico com mais livros no acervo, sem evidência de outra pessoa"
OL7144467A,OL2474286A,Sonia Sant'Anna,"mesmo nome; canônico com mais livros no acervo, sem evidência de outra pessoa"
OL9955179A,OL256316A,Sophia de Mello Breyner Andresen,"canônico Q235992; mesmo nome, sem evidência de outra pessoa"
OL10497258A,OL223174A,Spencer Johnson,"canônico Q200760; datas de nascimento divergentes na fonte (1938/1940), mesma obra"
OL7829287A,OL19981A,Stephen King,canônico Q39829; duplicados são outras pessoas ligadas a edições de A Dança da Morte e O Talismã
OL7829293A,OL19981A,Stephen King,canônico Q39829; duplicados são outras pessoas ligadas a edições de A Dança da Morte e O Talismã
OL12737091A,OL1394359A,Suzanne Collins,canônico Q228624; duplicado é outra pessoa (Q113989839) ligada às edições portuguesas
OL6270551A,OL745702A,Teresa Leonor M. Vale,"mesmo nome; canônico com mais livros no acervo, sem evidência de outra pessoa"
OL8821252A,OL7125370A,Thais Nívia de Lima e. Fonseca,"mesmo nome; canônico com mais livros no acervo, sem evidência de outra pessoa"
OL7714207A,OL27260A,Tzvetan Todorov,"canônico Q313852; mesmo nome, sem evidência de outra pessoa"
OL11659380A,OL9254268A,Ullisses Campbell,"mesmo nome; canônico com mais livros no acervo, sem evidência de outra pessoa"
OL5150433A,OL159055A,Universidade de Coimbra,"mesmo nome; canônico com mais livros no acervo, sem evidência de outra pessoa"
OL7241781A,OL7167492A,Vários autores,"mesmo nome; canônico com mais livros no acervo, sem evidência de outra pessoa"
OL12767519A,OL7167492A,Vários autores,"mesmo nome; canônico com mais livros no acervo, sem evidência de outra pessoa"
OL12767928A,OL7167492A,Vários autores,"mesmo nome; canônico com mais livros no acervo, sem evidência de outra pessoa"
OL7455162A,OL2623771A,Various,"mesmo nome; canônico com mais livros no acervo, sem evidência de outra pessoa"
OL11529425A,OL7448177A,Various authors,"mesmo nome; canônico com mais livros no acervo, sem evidência de outra pessoa"
OL341917A,OL9125153A,Vergílio Ferreira,"canônico Q643437; mesmo nome, sem evidência de outra pessoa"
OL12424082A,OL8834864A,Victor Fernandes,"mesmo nome; canônico com mais livros no acervo, sem evidência de outra pessoa"
OL10498057A,OL273718A,Vinícius de Moraes,"mesmo nome; canônico com mais livros no acervo, sem evidência de outra pessoa"
OL433061A,OL7998933A,VV. AA.,"mesmo nome; canônico com mais livros no acervo, sem evidência de outra pessoa"
OL7929504A,OL1105435A,Werner Herzog,"canônico Q44131; mesmo nome, sem evidência de outra pessoa"
OL7006287A,OL7006288A,William Bonner,"canônico Q18314; mesmo nome, sem evidência de outra pessoa"
OL9959420A,OL9956774A,Zack Magiezi,"mesmo nome; canônico com mais livros no acervo, sem evidência de outra pessoa"
