tag_externa,assunto
romance,romance
romances,romance
love stories,romance
romance fiction,romance
historical romance,romance-historico
romance historico,romance-historico
ficcao literaria,ficcao-literaria
literary fiction,ficcao-literaria
literatura brasileira,ficcao-literaria
brazilian literature,ficcao-literaria
brazilian fiction,ficcao-literaria
literatura portuguesa,ficcao-literaria
portuguese literature,ficcao-literaria
literatura hispano americana,ficcao-literaria
domestic fiction,ficcao-literaria
psychological fiction,ficcao-literaria
historical fiction,romance-historico
ficcao historica,romance-historico
history fiction,romance-historico
war stories,romance-historico
fantasy,fantasia
fantasy fiction,fantasia
fantasia,fantasia
epic fantasy,fantasia
magic,fantasia
wizards,fantasia
dragons,fantasia
fairy tales,fantasia
mitologia,fantasia
mythology,fantasia
science fiction,ficcao-cientifica
ficcao cientifica,ficcao-cientifica
science fiction american,ficcao-cientifica
space opera,ficcao-cientifica
time travel,ficcao-cientifica
robots,ficcao-cientifica
cyberpunk,ficcao-cientifica
horror,terror
horror tales,terror
horror fiction,terror
terror,terror
ghost stories,terror
vampires,terror
zombies,terror
suspense,suspense
thrillers,suspense
thriller,suspense
suspense fiction,suspense
psychological thriller,suspense
mystery fiction,policial
mystery and detective stories,policial
detective and mystery stories,policial
detective stories,policial
policial,policial
crime,policial
true crime,policial
police procedural,policial
noir fiction,policial
adventure stories,aventura
adventure and adventurers,aventura
aventura,aventura
survival,aventura
sea stories,aventura
western stories,aventura
dystopias,distopia
dystopian fiction,distopia
distopia,distopia
apocalyptic fiction,distopia
young adult fiction,jovem-adulto
young adult literature,jovem-adulto
ficcao jovem adulto,jovem-adulto
coming of age,jovem-adulto
teenagers fiction,jovem-adulto
juvenile fiction,infantojuvenil
juvenile literature,infantojuvenil
children s stories,infantojuvenil
childrens fiction,infantojuvenil
literatura infantil,infantojuvenil
literatura infantojuvenil,infantojuvenil
picture books for children,infantojuvenil
comic books strips etc,quadrinhos
comics graphic novels,quadrinhos
graphic novels,quadrinhos
manga,quadrinhos
historias em quadrinhos,quadrinhos
quadrinhos,quadrinhos
cartoons and comics,quadrinhos
poetry,poesia
poesia,poesia
brazilian poetry,poesia
poemas,poesia
poetry collections,poesia
sonnets,poesia
drama,teatro
teatro,teatro
plays,teatro
brazilian drama,teatro
tragedies,teatro
comedies,teatro
short stories,conto
contos,conto
short stories brazilian,conto
tales,conto
cronicas,cronica
cronica,cronica
chronicles,cronica
essays,cronica
brazilian essays,cronica
biography,biografia
biografia,biografia
biographies,biografia
autobiography,memorias
autobiografia,memorias
memoirs,memorias
memorias,memorias
personal narratives,memorias
diaries,memorias
history,historia
historia,historia
world history,historia
brazil history,historia
historia do brasil,historia
ancient history,historia
military history,historia
historiography,historia
philosophy,filosofia
filosofia,filosofia
ethics,filosofia
logic,filosofia
metaphysics,filosofia
existentialism,filosofia
psychology,psicologia
psicologia,psicologia
applied psychology,psicologia
psychoanalysis,psicologia
psicanalise,psicologia
mental health,psicologia
sociology,sociologia
sociologia,sociologia
social science,sociologia
anthropology,sociologia
antropologia,sociologia
social conditions,sociologia
racism,sociologia
feminism,sociologia
feminismo,sociologia
political science,politica
politica,politica
politics and government,politica
politics,politica
democracy,politica
international relations,politica
economics,economia
economia,economia
finance personal,economia
financas pessoais,economia
macroeconomics,economia
business economics,negocios
business,negocios
negocios,negocios
management,negocios
administracao,negocios
leadership,negocios
entrepreneurship,negocios
empreendedorismo,negocios
marketing,negocios
self help techniques,autoajuda
self actualization psychology,autoajuda
self help,autoajuda
autoajuda,autoajuda
success,autoajuda
motivation,autoajuda
habits,autoajuda
conduct of life,autoajuda
religion,espiritualidade
religiao,espiritualidade
spirituality,espiritualidade
espiritualidade,espiritualidade
christian life,espiritualidade
christianity,espiritualidade
bible,espiritualidade
espiritismo,espiritualidade
buddhism,espiritualidade
meditation,espiritualidade
science,ciencia
ciencia,ciencia
popular science,ciencia
physics,ciencia
fisica,ciencia
astronomy,ciencia
astronomia,ciencia
biology,ciencia
biologia,ciencia
evolution,ciencia
mathematics,ciencia
matematica,ciencia
natural history,ciencia
health,saude-e-bem-estar
saude,saude-e-bem-estar
health fitness,saude-e-bem-estar
nutrition,saude-e-bem-estar
nutricao,saude-e-bem-estar
exercise,saude-e-bem-estar
diet,saude-e-bem-estar
medicine,saude-e-bem-estar
medicina,saude-e-bem-estar
well being,saude-e-bem-estar
mindfulness,saude-e-bem-estar
