forma_externa,editora
intrinseca,Intrínseca
intrínseca,Intrínseca
companhia das letras,Companhia das Letras
cia das letras,Companhia das Letras
companhia de bolso,Companhia das Letras
companhia das letrinhas,Companhia das Letrinhas
penguin companhia,Penguin-Companhia
penguin companhia das letras,Penguin-Companhia
quadrinhos na cia,Quadrinhos na Cia.
alfaguara,Alfaguara
objetiva,Objetiva
suma,Suma
suma de letras,Suma
rocco,Rocco
rocco jovens leitores,Rocco Jovens Leitores
record,Record
best seller,Best Seller
bestseller,Best Seller
galera,Galera Record
galera record,Galera Record
bertrand brasil,Bertrand Brasil
civilizacao brasileira,Civilização Brasileira
civilização brasileira,Civilização Brasileira
jose olympio,José Olympio
josé olympio,José Olympio
nova fronteira,Nova Fronteira
globo,Globo Livros
globo livros,Globo Livros
principis,Principis
ciranda cultural,Ciranda Cultural
sextante,Sextante
gmt,Sextante
arqueiro,Arqueiro
planeta,Planeta
planeta do brasil,Planeta
planeta minotauro,Minotauro
academia,Planeta
harpercollins,HarperCollins Brasil
harpercollins brasil,HarperCollins Brasil
harper collins,HarperCollins Brasil
harlequin,Harlequin
darkside,DarkSide Books
darkside books,DarkSide Books
dark side,DarkSide Books
dark side books,DarkSide Books
aleph,Aleph
todavia,Todavia
fosforo,Fósforo
fósforo,Fósforo
ubu,Ubu Editora
34,Editora 34
zahar,Zahar
jorge zahar,Zahar
martins fontes,Martins Fontes
wmf martins fontes,WMF Martins Fontes
edipro,Edipro
l pm,L&PM
l pm pocket,L&PM
lpm,L&PM
lpm pocket,L&PM
paz e terra,Paz e Terra
boitempo,Boitempo
autentica,Autêntica
autêntica,Autêntica
vestigio,Vestígio
vestígio,Vestígio
atica,Ática
ática,Ática
scipione,Scipione
moderna,Moderna
ftd,FTD
melhoramentos,Melhoramentos
salamandra,Salamandra
seguinte,Seguinte
leya,LeYa
casa da palavra,Casa da Palavra
verus,Verus
universo dos livros,Universo dos Livros
novo seculo,Novo Século
novo século,Novo Século
geracao editorial,Geração Editorial
geração editorial,Geração Editorial
pandorga,Pandorga
via leitura,Via Leitura
antofagica,Antofágica
antofágica,Antofágica
nversos,nVersos
patua,Patuá
patuá,Patuá
malê,Malê
male,Malê
sesi sp,SESI-SP
contexto,Contexto
perspectiva,Perspectiva
unesp,Editora Unesp
edusp,Edusp
vozes,Vozes
loyola,Loyola
paulinas,Paulinas
paulus,Paulus
mundo cristao,Mundo Cristão
mundo cristão,Mundo Cristão
thomas nelson,Thomas Nelson Brasil
thomas nelson brasil,Thomas Nelson Brasil
